Id,QuaternaryFaultDensity,HorizGravityGradient,GeodeticStrainRate,QuaternarySlipRate,FaultRecency,FaultSlipDilationTendency,Earthquakes,HorizMagneticGradient,Heatflow,DEM-30m,Longitude,Latitude,NAME,MAX_Temp_C,Blind_Status,NET_POWER_Mwe,Depth_m,TrainCode
6,1.285103188,-1.179980861,1.327701065,-0.875584733,-1.595636883,0.116587859,0.187494727,1.161904343,0.76507149,-0.387378538,-118.9968557,38.48225735,Grant View Hot Springs,53,no,0,,1
78,0.200934499,3.224229742,0.042697528,0.92511607,-0.450001742,-0.557710888,0.779572293,-0.095253034,-1.670693068,-0.949648313,-115.5512108,38.50383804,Bacon Flat,130,yes,0,,1
27,0.530641822,0.346867801,1.670389731,2.105044674,0.760398902,-0.140574244,2.492250611,1.213427187,0.415871857,-1.1095599,-118.647737,38.50571305,Hawthorne 1,97,yes,0,,1
82,2.520682968,-0.845161963,-0.276014367,-0.920537606,-1.17828097,-0.632902124,1.053703876,-0.58987233,-1.448915834,-0.250679923,-116.3681869,38.5201079,Hot Creek Ranch Hot Spr,160,no,0,,1
31,0.328629102,3.224229742,0.004235585,0.698215148,-0.420560434,-0.177550345,0.706008662,-0.89900939,-1.639976469,-0.923856121,-115.5270871,38.56211121,Blue Eagle Springs,41,no,0,,1
44,1.604205267,0.190503395,-0.041953597,-1.225560731,2.154757781,0.889341045,0.043048028,-0.723831722,-1.093107163,-0.521497934,-115.1388949,38.59487838,Moorman,45,no,0,,1
80,1.531720299,1.955462619,-0.823365076,-0.341614981,-0.997034169,0.197194646,0.933088069,-0.445608369,-1.93686918,0.476659878,-116.4356366,38.69618378,Spring & Test hole Uce 10,42,no,0,,1
46,1.520473772,0.205850866,1.682732803,-0.234146355,0.539857237,-1.253755369,2.273213592,-0.476522075,-0.539005795,-0.851637985,-119.3783949,38.75444543,Wellington Well,83,yes,0,,1
24,0.60871072,-0.560495264,1.401143426,0.161974365,-0.941493212,0.211144215,0.648703533,-0.095253034,-0.003406736,-0.583399193,-119.1745436,38.76742795,Wilson Hot Spring,94,no,0,,1
47,0.245788061,2.162749808,-0.321437542,0.210772407,-0.372936605,-1.583477502,0.118718128,1.41951856,0.202171648,-0.28936821,-117.1805262,38.8168116,Darroughs Hot Springs,145,no,0.5,,1
48,1.215426054,2.488578555,-0.573083818,-0.268237903,-0.151136189,-0.007385101,0.069124473,0.203579457,-1.086515774,0.685576629,-116.7168688,38.82336672,Mosquito Ranch Springs,73,no,0,,1
61,0.164505067,-0.308321537,1.303286834,1.103375915,0.474583538,-1.416764846,0.490365911,0.574543929,-0.0867058,-1.362323377,-118.3241478,38.83873313,Wild Rose,151,yes,0,,1
39,0.925212385,1.521109911,1.54704795,1.703414473,1.304768075,0.749288492,1.081068468,-0.12616674,-0.966691255,-0.993495038,-119.4120001,38.89791486,Hind's-Nevada Hot Springs,80,no,0,,1
23,1.195944333,3.224229742,1.213635058,0.015331974,0.979826842,0.862137994,1.620053319,0.677589616,0.034506638,-1.439699952,-118.1958724,38.9189643,Rawhide-Wedell Hot Spring,151,no,0,,1
15,-1.360528183,0.89295524,-0.509615895,1.16935477,-0.042402781,-1.344845215,-0.206033971,-0.012816485,-0.309924558,-0.374482442,-117.0596919,38.95210885,Duckwater Area,45,no,0,,1
72,0.750554605,-0.131921938,-0.747091027,-0.588822279,-0.461574792,-0.237733962,0.345153461,-0.12616674,-1.674038298,-0.273892895,-115.7008513,38.94939894,Williams Hot Springs,123,no,0,,1
10,-0.489102047,-1.289532268,-0.393024785,-1.595820393,-0.841451697,0.400187317,0.475534814,0.430279968,-0.8928836,0.293535318,-115.2334924,38.95001787,Big Blue,155,no,0,,1
12,-0.758414215,2.32816858,1.218281748,0.584405446,0.107538192,0.738234642,1.568962629,0.832158146,0.842694706,-0.903222368,-117.9397877,38.96185725,Ambassador Well,110,yes,0,,1
49,0.448725682,1.691344835,1.009807818,-0.0638919,-0.49554339,0.772593459,-0.071265956,1.450432266,-1.33470403,-1.07860927,-119.3622421,38.96200158,Gene Sawyer well,84,yes,0,,1
0,-0.560527293,1.877312524,-0.319881929,1.557851941,0.118046425,-0.085193622,-0.580014519,1.069163225,-0.054726168,-0.374482442,-117.1377353,39.02638663,McLeod Hot Spring,134,no,0,,1
75,2.173405283,-0.156644852,-0.141913988,-0.728852841,0.196515339,0.50835912,-0.711823278,-0.878400252,-0.892474356,0.559194891,-116.6552469,39.05975072,Diana's Punch Bowl-Potts Ranch,74,no,0,,1
22,0.098539462,0.329465438,1.542364592,-0.948490243,-1.324444964,-0.027474151,0.716957911,0.110838339,-0.682839471,-1.310738994,-119.1807738,39.15924833,Wabuska,146,no,2.4,,1
30,-1.216913573,1.636440701,1.260158234,-0.095779881,0.264404111,-1.830769102,0.546905115,1.72865562,1.466387063,-1.522234964,-118.7248709,39.20968939,Lee-Allen Hot Springs,171,no,0,,1
70,0.862158351,-0.548165914,-0.436451257,-0.344605617,0.241669846,0.721987989,0.250526887,-0.641395173,-1.521317245,0.071722471,-116.0368236,39.2770484,Fish Creek Springs,45,no,0,,1
38,0.440743079,0.343207526,1.582571109,-0.113117882,1.989321268,0.10489361,1.199055759,0.883680989,2.237640431,-1.537710279,-118.5705253,39.29972317,Salt Wells,188,no,28,,1
26,-0.753571889,0.465923083,0.68550697,-0.413215531,1.420740935,0.436912828,0.573677681,0.832158146,0.072704379,0.082039348,-117.5500881,39.31352326,Peterson,150,no,0,,1
69,-1.338340107,0.449676596,-0.344619262,-0.025483391,0.178090219,0.389203077,-0.011941744,0.275711438,0.161936499,-0.22746695,-116.8569712,39.32825133,Spencer Hot Springs,95,no,0,,1
50,-0.548853118,0.988957206,-0.393024785,-1.124141517,-0.981151731,-0.436522272,0.413146728,0.02840179,-0.090388335,0.303852195,-116.3486599,39.4053603,Klobe Hot Spring,86,no,0,,1
81,2.564688552,2.425583284,1.632089339,0.760124182,1.297310963,0.983591122,1.306076046,0.842462715,0.969911463,-0.910960025,-118.2449825,39.41628995,Eleven Mile Canyon,82,yes,0,,1
74,2.446651845,1.074042561,1.237141514,-1.179145934,-0.928539869,-3.566682905,1.421539615,0.626066773,0.509792336,-1.388115569,-119.2007843,39.42915915,Silver Springs,149,yes,0,,1
45,0.780413897,-0.430908663,1.504917338,0.761518194,1.738297447,0.822655982,1.372903366,-0.775354566,-0.242575266,-1.669250456,-118.1564988,39.50955875,Pirouette Mount (Dixie Valley),87,yes,0,,1
54,0.175911705,-1.069723084,1.252824889,-0.542879722,2.062463915,-0.748703032,1.120356773,0.95581297,-0.905408731,-1.625403731,-118.5556856,39.54544635,Stillwater,178,yes,47.3,,1
58,-1.298478871,0.529496291,-0.529951406,-1.124388656,-0.157382973,-1.049718569,-0.041029493,-0.517740349,0.212232477,0.125886073,-116.3617793,39.55861153,Soda Lake,216,yes,26.1,,1
60,-0.669518556,-0.723859144,0.58728716,-1.362263567,0.909129547,-0.250333123,-0.071265956,-0.054034759,-0.432222203,-1.550606375,-118.8498926,39.55915433,Bartine Hot Springs,62,no,0,,1
43,-0.427360626,-1.02907476,0.360824934,-0.230907904,-0.104843988,0.494005822,0.165248082,-0.713527154,0.642035434,0.590145521,-116.9059295,39.58960983,Patua Hot Springs,182,no,0,,1
51,0.578501745,-0.784028939,1.252134937,-0.886896486,0.052263561,-0.080877887,0.855712219,1.027944951,-0.433699025,-1.488705115,-119.0921649,39.5843244,McGinness Hills,192,yes,0,,1
73,-0.516469263,3.224229742,0.935494168,1.944392683,0.28074705,-1.099683639,-0.370133788,0.224188595,0.28769476,-0.549869344,-117.684101,39.67323159,Monte Neva Hot Springs,111,no,0,,1
37,-0.41164315,-0.266838413,1.390832997,0.610378492,2.219668309,-0.406312129,1.774457045,1.275254599,1.616189771,-1.725993277,-118.0630941,39.67713808,Tungsten Mountain,176,yes,0,,1
8,-0.052374577,2.305628988,-1.018776939,0.428160591,-0.099662506,0.536021588,-1.352376945,-0.754745428,-0.406033111,0.038192622,-114.8073263,39.66805736,Clan Alpine Ranch,70,yes,0,,1
65,-0.02741026,0.039597294,-0.986602795,-1.008621851,-0.733904647,1.330450899,-0.206033971,-0.754745428,-2.007011602,0.394124865,-115.5140379,39.73781688,Alligator Ridge well,44,yes,0,,1
34,0.569941391,-0.834887505,0.825857029,-0.820354989,-0.579896158,1.353073702,-0.467806481,0.811549009,-0.182120741,-1.130193653,-118.9485859,39.75799921,Desert Peak,219,yes,23,,1
42,0.920170515,-0.965694198,0.937708693,-0.719205401,-0.27565519,1.353073702,-0.206033971,0.419975399,-0.193560645,-1.455175267,-118.8646028,39.78190241,Bradys,212,no,26.1,,1
41,0.852764536,0.542339363,1.197842772,1.369022661,2.476672588,-0.908426982,1.169741366,-0.074643897,2.237640431,-1.725993277,-118.0707341,39.79419689,Dixie Meadows,145,no,0,,1
18,0.657755522,1.032174145,0.877027078,-0.46732089,-0.368530614,1.353073702,-0.283636291,0.18297032,0.331408174,-1.452596047,-119.0137382,39.79067101,Desert Queen,155,yes,0,,1
52,-0.621335333,0.695043494,-1.233558635,-1.010443803,-0.405961443,1.145319801,-0.370133788,-0.713527154,-1.407381678,-0.010812542,-115.6059209,39.81103419,Warm Springs Ranch-Newark Valley,42,no,0,,1
29,0.230027908,0.685796482,-0.772904764,-0.923798545,-1.18660945,0.622614717,-2.182920092,-0.991750508,-0.186079504,0.311589852,-114.5568204,39.82971588,Spring Valley Well,79,yes,0,,1
40,0.085834792,2.045043049,1.187514191,1.606740158,2.461928086,-0.226610504,1.067507936,-0.291039839,1.728364158,-1.725993277,-118.0104126,39.86231146,Dixie Comstock,196,no,0,,1
56,0.883205263,-0.328934668,0.556973762,-0.665820097,-0.0576073,0.975850643,-0.283636291,-0.723831722,2.237640431,-0.408012291,-117.1453133,39.89815628,Cherry Creek Hot Springs,102,no,0,,1
32,-0.141139213,2.884851553,-0.464058397,1.533475295,1.731978271,0.615500715,-2.182920092,1.069163225,0.299427866,-0.219729293,-116.5896468,39.90202629,Reese River,150,yes,0,,1
77,-0.275124313,0.832657015,-1.358205534,1.333289737,0.098919417,0.950847225,-1.200669798,-0.806268272,-0.081786688,0.236792497,-114.8997288,39.88823508,Walti Hot Springs,83,no,0,,1
1,-0.538741933,0.129884093,0.213210506,-0.458460969,0.258714674,0.13992067,-0.135656066,-0.404390094,1.463095438,-0.660775768,-117.5021856,39.91067487,McCoy,122,yes,0,,1
35,0.371355044,0.124297357,0.776120976,-0.382452384,-1.063107328,0.959186339,0.142339957,1.007335813,0.846475663,-0.382220099,-119.2131336,39.90865726,Black Warrior,128,yes,0,,1
79,-1.309507805,1.213903619,-0.534681777,1.066361192,1.391565953,0.362737877,-1.200669798,-0.826877409,0.463677059,-0.230046169,-116.683056,39.94061127,Shipley Hot Springs,55,no,0,,1
4,-1.051753139,0.05488055,-1.491311555,-0.363877559,-1.153149292,0.945821483,-0.787486241,-0.424999231,-0.463774941,-0.116560527,-116.0743863,39.94185444,Hot Springs Point,128,no,0,,1
9,-0.653918157,3.141327709,1.260956915,1.750548876,1.653702565,0.238444717,1.359064317,0.213884026,1.312607943,-1.725993277,-117.8566947,39.95815119,Dixie Valley,250,no,67,,1
20,-0.145533612,0.603729249,1.124400592,0.156149606,1.489985304,0.489300279,0.855712219,0.121142908,1.146997304,-1.725993277,-117.7195868,40.00187947,Hyder Hot Spring,84,no,0,,1
67,0.640861896,0.361894196,0.798974148,0.498974522,1.721664214,0.827110934,0.308719793,0.533325655,1.170232753,-1.715676401,-117.6203381,40.03849193,Western Augusta Mtn Hot Springs,40,no,0,,1
55,-0.359500557,-0.540395855,1.073538943,0.868357164,0.552277686,0.18051642,0.624524668,-0.136471309,0.165023159,-0.80521204,-118.0043762,40.04931363,New York Canyon,75,yes,0,,1
3,0.896987584,0.739095232,0.819394973,0.301330522,1.395609257,0.353466009,0.345153461,-0.414694663,1.098355963,-1.725993277,-117.6060459,40.07911087,McCoy Hot Springs,49,no,0,,1
19,0.415391835,-0.477593231,1.179981357,0.450378644,1.324427734,0.552045493,0.837382237,-0.187994152,0.939248486,-1.725993277,-117.7263518,40.08742854,Sou Hot Springs,85,no,0,,1
5,0.28722581,2.445875339,0.649493711,0.185226627,0.518430388,-0.133905738,0.043048028,0.007792653,0.991518758,-1.166302722,-117.4924107,40.17875462,Jersey Valley Hot Springs,166,no,0,,1
68,0.665880473,-0.757186917,0.978768346,-0.274646443,1.626222865,0.546267977,-0.243842997,-0.301344407,1.40118174,-0.534394029,-116.8845526,40.18650134,Unnamed Hot Pool-Carico Valley,50,no,0,,1
64,0.506579509,0.904064497,1.149431622,-0.342334586,1.51957188,0.6989893,-0.711823278,-0.394085525,1.462917623,-0.918697683,-117.1077556,40.1910135,Valley of the Moon,56,no,0,,1
25,0.845292916,2.977835398,-1.803441228,-1.245822356,-0.61514796,0.599977992,-1.542368166,-0.74444086,0.350702499,-0.067555363,-116.0676896,40.21884201,Bruffey's Hot Springs,72,no,0,,1
16,1.424433131,0.36349958,1.310311598,0.59924709,1.429602066,0.493643857,0.738421223,0.007792653,0.507826867,-1.290105241,-117.6780919,40.24763856,Colado,155,yes,0,,1
21,-0.142664835,1.47847091,0.310925514,0.43306313,1.32764785,-0.579595839,0.396714151,-0.929923096,-0.651117743,-1.38295713,-118.3687607,40.24378256,Paris Well,63,yes,0,,1
59,0.257571007,1.314850168,-2.275530761,0.869818864,0.193682847,0.890092818,-1.200669798,-0.940227664,0.440183707,0.025296527,-115.4087831,40.25219827,Smith Ranch,72,no,0,,1
57,-0.092380746,3.224229742,-1.729105796,-1.340315366,-1.148379646,0.537873177,-0.87157264,-0.651699742,0.304276391,-0.286788991,-116.054905,40.29306422,Carlotti Ranch Springs,39,no,0,,1
2,1.26053087,0.061109441,0.95618727,0.214460611,1.178360343,0.266093263,-0.467806481,-0.940227664,1.255568549,-0.887747053,-117.0638172,40.31492541,Mound Spring,54,no,0,,1
53,0.256743413,1.032687868,-0.907930888,1.23625562,2.286443599,0.168836093,-0.52183902,1.151599775,1.394688079,-0.547290125,-116.4341497,40.31581147,near Dann Ranch,86,no,0,,1
14,-0.942464584,1.543071565,0.407075651,1.009714725,1.432337954,0.198294463,0.043048028,-0.723831722,1.079852977,-1.045079421,-117.3259435,40.36853933,Buffalo Valley Hot Spring,128,no,0,,1
62,0.023834513,0.239242855,-0.805817688,1.418585734,2.351693329,0.203807466,-0.206033971,0.935203833,2.158735849,-0.952227532,-116.5158892,40.40627427,Empire - San Emidio,190,no,4.8,,1
17,-0.655635963,0.656000554,0.931155877,0.506013166,0.339459701,-0.467929684,-0.580014519,-0.507435781,0.408346602,-1.127614434,-117.8859187,40.406146,Crescent Valley Hot Sprgs,87,no,0,,1
36,2.205647704,0.820456096,1.00165764,-0.714550451,1.326243589,0.575406147,1.254463134,0.02840179,0.300655609,-1.501601211,-119.40836,40.38670474,Kyle Hot Springs,124,no,0,,1
33,1.070970429,0.373260315,-0.178362891,0.011733945,-0.882393178,0.65282486,-1.200669798,1.677132777,0.196371608,-1.303001337,-118.7669156,40.40955079,Bach Well,78,yes,0,,1
13,-0.450713294,0.217730708,1.120043967,1.76505343,1.436865487,-0.197249586,0.624524668,-0.064339328,0.44569938,-0.949648313,-117.6269553,40.43937192,Coyote Spring - Pleasant Valley NV,64,no,0,,1
71,0.607034618,1.724801039,-0.03194104,1.241855052,2.049002133,0.062223523,-0.643046505,0.852767283,0.666836607,-1.158565064,-118.2711942,40.52642179,Rye Patch,224,yes,0,,1
63,-0.422823107,-1.177733323,-0.68713367,2.521988761,2.417620978,-0.904863021,-0.102773506,0.316929713,2.165141274,-0.823266574,-116.6033759,40.55976071,Beowawe,227,no,18,,1
11,-0.317122417,0.956721094,-1.553196274,3.043990794,2.476672588,0.451266126,-1.352376945,-0.383780957,0.856456404,0.071722471,-115.2856912,40.58600648,Sulphur Hot Springs,182,no,0,,1
76,0.775145193,2.606092667,1.211983058,1.108997835,0.316434657,-0.846461385,0.118718128,-0.981445939,-0.531115408,-1.016708011,-117.6491725,40.60366167,Leach Hot Springs,169,no,0,,1
7,-0.618422825,-0.512205311,-0.870643369,1.586681147,1.494052819,-0.874137774,-0.370133788,-0.023121053,1.004569186,-0.993495038,-116.4642111,40.60649549,Horseshoe Ranch Spr,77,no,0,,1
28,-1.022006321,0.758809349,-1.264523866,-0.315192181,1.09424993,-0.923657349,-0.467806481,-0.610481467,2.069601456,-1.143089749,-116.9369855,40.6482607,Battle Mountain City Well,89,yes,0,,1
66,-0.661649168,3.224229742,0.782782884,2.304218061,0.745315198,0.974472392,0.864711839,0.306625144,-1.216561288,-1.568660909,-119.3679777,40.66227622,Gerlach,192,no,0,,1
117,-0.667509852,0.832849661,0.054349197,0.59798778,-0.608538005,-0.582714306,0.738421223,-0.054034759,-1.756749626,-0.972861285,-115.5919969,38.47054234,"Nevada """"""""""""""""DK"""""""""""""""" Federal No. 1",-10.27692867,,,2193.34073,0
111,-1.510906092,0.447107982,0.016473559,-0.102593198,-0.920477472,-0.743649446,0.789511913,0.18297032,-1.842308703,-0.980598943,-115.6691882,38.48045645,Anderson D. Federal No. 1,-26.96513538,,,2167.432731,0
134,2.961233364,0.178430907,-0.178362891,-1.281442393,2.345228884,1.065074978,-0.170018255,-0.919618527,-1.188753542,-0.570503097,-115.0927968,38.49276294,White River Valley No. 1,-37.08660826,,,3183.635898,0
139,1.735222621,3.224229742,-0.250469277,-0.858427082,1.863954626,0.624842193,-0.170018255,-0.89900939,-1.189758672,-0.47249277,-115.0153163,38.49598067,"Gose """"""""""""""""BZ"""""""""""""""" Federal """"""""""""""""A"""""""""""""""" No. 1",-13.58430394,,,2134.209532,0
92,2.118379315,0.592684207,-0.311688186,-0.804523662,-0.962629766,-0.883966512,0.873607016,-0.97114137,-1.674144859,-0.178461786,-116.3021007,38.53325059,Hot Creek Federal No. 24-13,-25.34325872,,,2956.559905,0
137,1.573509111,1.900879562,-0.189480896,-0.824065681,1.808922108,0.496135846,-0.467806481,-0.723831722,-1.176237236,-0.415749948,-115.0339636,38.54810793,"Gose """"""""""""""""DL"""""""""""""""" Federal No. 1",-23.33795042,,,2154.021531,0
112,-1.497454118,2.226323016,-0.045807234,-0.081095425,-0.780027611,-0.184274538,0.519157735,-0.115862171,-1.89755942,-0.965123628,-115.658711,38.58171657,Lockes Unit No. 1,-63.09282087,,,2232.355129,0
144,-1.193919036,2.280649212,-0.363620613,-1.301794194,-1.144675301,-0.386334454,-1.542368166,1.223731755,-1.163222773,-0.018550199,-114.5715217,38.56645569,Saguaro Unit No. 1,-38.63924853,,,2112.263932,0
121,-0.385410038,2.098598661,-0.052316485,0.787963706,-0.168519734,-0.360607106,0.504901082,-1.032968782,-1.42028958,-0.895484711,-115.5168596,38.64083091,Blue Eagle No. 1,-40.05622878,,,2747.467112,0
116,-1.375359889,1.061713211,-0.123881946,0.580087811,-0.269045719,-0.418577169,0.444984844,0.090229202,-1.594689182,-0.918697683,-115.5941327,38.65530215,Duckwater Creek No. 8-12,-32.57559254,,,2101.291133,0
120,-0.724513178,0.440108507,-0.113221368,0.584405446,-0.10121252,-0.93698044,0.362734925,-0.486826643,-1.019281868,-0.833583451,-115.533033,38.69284937,Currant No. 1,-33.17522908,,,2375.611124,0
110,-1.228831986,0.269745152,-0.276940111,-0.648526621,-0.482929491,0.152102179,0.69488534,-0.81657284,-1.526227533,-0.384799319,-115.6907287,38.71499698,Roulette No. 1,-29.25656653,,,2087.879933,0
130,-0.710182336,0.730875666,0.067155323,-0.824267845,0.757493534,0.232987401,0.142339957,-0.4353038,-0.98153817,-0.469913551,-115.1556902,38.72354894,Cove Unit No. 1-18,-38.58196759,,,2168.956731,0
135,0.22125731,0.836060429,-0.039150953,-0.369320028,0.905376538,0.276367496,-0.325640324,-0.857791115,-0.982534475,-0.408012291,-115.0665851,38.7221089,White River No. 2,-19.77531212,,,2307.335926,0
115,-1.142319904,0.100922965,-0.439943672,-0.111745909,-0.250063738,-1.001131749,0.308719793,-0.713527154,-1.087592176,-0.756206876,-115.6056513,38.8018719,Koch No. 2-29,-37.72265607,,,2078.735933,0
119,1.224991097,-0.914771416,-0.60199063,-0.40226403,-0.367174534,-0.5203589,0.444984844,-1.043273351,-1.643686163,-0.260996799,-115.5631371,38.91174112,Duckwater Federal No. 9-1,-42.24861417,,,2161.031931,0
87,0.448570156,-0.73111548,1.0263623,-0.288453879,0.518793559,1.288588272,1.82885514,-0.229212427,0.470189037,-0.655617329,-118.0432884,38.93619727,Gigante No. 1-4,-36.08159472,,,1583.435949,0
133,0.403484469,-1.163991236,-0.645604066,-1.112020207,-0.020491704,0.710251975,0.01604934,-0.909313958,-0.804665433,-0.041763171,-115.1089003,38.97059101,Shields Federal No. 13-22,-60.53684113,,,2781.909511,0
142,1.697132789,-0.321228825,-0.236263644,-0.715607822,-0.753975899,0.30835962,-0.283636291,-0.445608369,-0.7193914,0.626254589,-114.7818205,39.00312243,Titan Federal No. 1-9,-65.98703017,,,2347.264725,0
132,0.291331997,-0.746013444,-0.500509115,-0.855503459,-0.745937714,0.01118648,0.250526887,-0.81657284,-0.783502681,0.930602449,-115.1341103,39.21877805,Giroux Wash No. 1-29,-38.21927297,,,2242.108728,0
127,1.378325512,-1.289532268,-0.813586678,-1.268894492,-0.949119803,0.462403506,0.118718128,-0.66200431,-0.697615123,0.930602449,-115.3353045,39.2826467,Moorman Ranch Unit No. 2,-38.0629754,,,2380.183124,0
85,-0.843594006,1.180896923,1.344890861,-0.62439779,2.165967661,-0.844999603,0.899665705,-0.363171819,1.888486264,-1.604769977,-118.668199,39.38395996,82-36,0,,,2742.7428,0
123,0.1602792,-1.01924981,-0.573083818,-1.304357339,-1.210578981,0.529283473,0.01604934,-0.74444086,-0.549075448,1.224633432,-115.4425646,39.41252587,Illipah Federal No. 1,-58.30973748,,,2318.613526,0
125,1.05178549,-1.173751971,-0.811780569,-1.195382039,-0.878785437,0.196846603,-0.135656066,-0.960836802,-0.525946542,0.732002574,-115.3493006,39.42700707,Federal White Pine Unit No. 1,-68.24961508,,,3374.745492,0
84,-1.160743362,-0.721418961,0.96504537,-1.466583468,1.695830648,-0.924729322,-0.243842997,-0.466217506,0.748863139,-1.571240128,-118.7825043,39.42731395,Reggie No. 1,-13.76695818,,,1879.09194,0
90,-0.996216861,0.345583494,-0.455207558,-1.238783263,-0.898590848,-0.488798349,0.209097299,-0.940227664,-0.091242808,0.231634059,-116.3337132,39.45032853,Twin Springs Federal No. 10-6,-17.29371993,,,2446.629522,0
113,-0.031460702,1.930418628,-1.014734523,-1.162639976,-1.180387362,1.219592203,0.187494727,-0.641395173,-1.213563541,0.002083554,-115.6324989,39.50051045,Marathon-Anadarko Keno Unit No. 23-33,-29.69280343,,,2225.039929,0
131,-1.098574689,0.294789143,-1.074323397,-0.258185685,-0.037488108,0.490246956,-0.643046505,-0.497131212,-0.427854186,0.345119701,-115.1278182,39.56330208,Bonanza Federal No. 1-32,-54.75594638,,,2088.489533,0
140,0.263156757,1.595150223,-1.169061503,0.519168459,-0.161232102,0.641019237,-1.200669798,0.316929713,-0.469325903,0.04593028,-114.8803927,39.56580828,Duck Creek No. 1,-59.81428782,,,2825.80071,0
89,-1.167275183,-0.135261136,-0.651162161,-0.816779448,0.251571826,-0.983576453,-0.325640324,-0.414694663,0.386667368,0.120727635,-116.3846008,39.61054413,Silver State Federal No. 33-18,-15.26910509,,,2773.984711,0
114,-0.825690716,-1.174650986,-1.073156234,-0.468040946,-0.532708134,0.903777873,-0.135656066,-0.569263192,-1.644966835,1.157573734,-115.6091834,39.64889817,Buck Mountain Unit No. 36-1,-42.28090516,,,2381.707124,0
118,-0.523790285,-0.724308652,-0.960346153,-0.962904621,-0.939435484,0.894589535,-0.370133788,-0.981445939,-1.711106033,0.791324615,-115.5477748,39.65940875,Yankee Mine Unit Federal No. 27-23X,-59.04263661,,,2033.015935,0
88,-0.711370798,-0.350832107,-0.811780569,-0.779292484,1.284551554,-0.377368863,-0.787486241,-0.569263192,0.510797465,0.203262648,-116.4044451,39.67371943,Willow Wash Federal No. 42-24,-42.4918469,,,2386.888724,0
105,-0.891596889,0.669614211,-1.134888841,2.355692362,0.94077385,0.840990894,0.32715422,-0.424999231,-0.455750853,-0.062396925,-115.9286037,39.71985918,Black Point No. 6-41,-28.21679197,,,2619.755916,0
122,-0.460834574,1.130873156,-0.953399442,-0.523135539,-0.335288117,1.114511024,-0.370133788,-1.012359645,-1.83489814,0.156836703,-115.452638,39.74377173,Long Jevity Federal No. 1,-31.36148261,,,2389.327124,0
124,-0.823529897,0.717904163,-1.030112766,-0.196457227,-0.114891478,1.106227597,-0.417394678,-1.032968782,-1.309137972,0.128465293,-115.3984661,39.81511283,Long Valley No. 35-88,-30.50624763,,,2155.240731,0
126,-0.569428575,2.781721682,-1.088614344,0.25727693,0.349022963,0.873164,-0.325640324,-0.795963703,-0.891104771,0.159415922,-115.3281203,39.82538203,Tommy Knocker Unit No. T61X-33G,-49.52449392,,,3546.652687,0
104,-1.134224057,0.219336093,-1.565201904,2.211996083,1.267337247,0.865214695,-0.52183902,-0.466217506,0.150755164,-0.10624365,-115.9324194,39.85053717,Diamond Valley Unit No. 1,-33.86162556,,,2450.591922,0
86,-0.373884629,-0.015820563,0.910499078,-0.620147168,1.5653554,-1.322751438,0.250526887,-0.703222585,0.102913997,-1.635720607,-118.2831077,39.90916793,Standard-Amoco-S.P. Land Co. No. 1,-32.26225917,,,3352.799893,0
83,1.327000187,1.701234001,0.434430662,-0.703576688,-0.547016831,0.059230352,-0.071265956,0.193274889,1.286356412,-1.150827407,-119.0817402,39.915596,Fireball Ridge,0,,,0,0
103,-1.193790699,1.316712414,-1.978423191,0.322176377,-0.198202914,1.002747416,-0.966195732,0.131447477,0.393731125,-0.147511157,-115.9571814,39.95212143,Diamond Valley Federal No. 1-24,-12.49662662,,,2707.843113,0
106,-0.459991892,2.033420069,-1.904630499,0.797678384,0.932638819,0.938999837,-0.966195732,-0.157080446,0.740056526,-0.111402088,-115.8810635,39.95366408,Diamond Federal 11-22,-56.03006861,,,2260.091928,0
141,-1.135596829,-0.838098273,-1.319329729,0.343494698,-0.551156981,1.081252023,-1.352376945,-0.486826643,0.081101746,-0.072713801,-114.7604949,39.94418549,Steptoe Federal No. 17-14,-5.055115444,,,3568.903086,0
93,-0.505081228,-0.944952636,-1.375399505,-0.311639127,-0.772303931,0.341354108,-1.796738879,-0.58987233,-1.556704554,-0.162986472,-116.2430516,40.03768001,Jackpot Federal No. 1,-37.85297771,,,2507.58952,0
136,-0.847646618,-0.221502368,-1.867938361,-0.457561462,-0.966261718,1.179762148,-0.966195732,0.842462715,0.376188479,0.244530154,-114.9940194,40.06332562,Federal No. 1-5,-61.97112316,,,3208.629497,0
91,-1.256275412,1.390688511,-1.310713049,-0.794336967,-0.765452104,0.102666134,-2.182920092,-0.023121053,-0.548239301,-0.346111031,-116.2916978,40.15060681,Quartz Road Federal No. 1,-69.09364137,,,2768.193511,0
97,0.439172565,0.308274369,-1.553196274,-1.265341438,-0.49382438,0.892069703,-2.182920092,-0.363171819,-0.355310248,-0.359007127,-116.1739991,40.17460284,Three Bar Federal No. 36-C,-33.0730566,,,2076.602334,0
138,-0.383682216,2.114845148,-1.803441228,-0.512386202,-0.743468393,0.850165311,-0.711823278,-0.363171819,0.433263152,0.365753455,-114.9822377,40.16446844,Federal No. 1-4,-67.11723458,,,2764.231112,0
95,-0.420364415,-0.457493823,-1.406740298,-1.210629136,-0.776976732,0.800965935,-1.796738879,-0.672308879,-0.003442701,-0.467334331,-116.1878999,40.2400188,Big Pole Creek No. 1-11,-40.08881849,,,2503.01752,0
96,-0.431708093,0.763818147,-1.39866781,-1.089375337,-0.838013435,0.877340518,-1.200669798,-0.74444086,0.111925574,-0.462175893,-116.1755434,40.28948222,Three Bar Federal No. 24-13A,-40.38637453,,,3845.661477,0
98,-0.513001389,-0.090246168,-1.39866781,-0.818826052,-0.707489765,0.778440584,-0.87157264,-0.363171819,0.080408125,-0.575661536,-116.1456235,40.32980633,Pine Creek No. 1-7,-36.71061749,,,2956.559905,0
143,-1.267528806,1.627900058,-1.246016246,-0.08793123,-0.565756699,-0.099212799,-2.182920092,-0.4353038,0.426947316,-0.13719428,-114.7101229,40.31254428,Currie Federal No. 1,-54.10742742,,,2621.584716,0
100,-0.541265825,2.266714479,-1.465241513,-0.934727782,-1.009744913,0.588214134,-0.643046505,-0.517740349,-0.001992353,-0.294526648,-116.0863152,40.36313709,Southern Pacific Land Co. No. 2-27,-38.1934029,,,2644.444715,0
109,-1.030895869,-0.674991254,-2.041119661,0.626951913,-0.350783656,1.277005397,-1.074379181,-0.682613448,-0.28935769,-0.34869025,-115.7030587,40.38875267,U.S.A. Jiggs No. 1,-60.85172577,,,4143.755867,0
107,-0.954450299,-0.293295142,-1.867938361,0.084414129,-0.678823948,1.313786594,-1.074379181,-0.692918016,-0.594781471,-0.317739621,-115.7587212,40.40512911,Jiggs No. 10-1,-35.80283711,,,2830.677509,0
99,-0.71826985,-0.363289887,-1.449782495,-0.188743727,-0.612145746,0.643775739,-0.580014519,-0.043730191,-0.167834421,-0.650458891,-116.1268928,40.4130002,East Bailey Ranch No. 1,-17.07072058,,,2740.761512,0
101,-0.245950447,2.471689914,-1.537736893,-0.457516262,-0.953356799,0.509138737,-0.467806481,-0.208603289,-0.455964634,-0.304843525,-116.0820255,40.4622018,S.P. Land Company No. 1-23,-44.70583421,,,2177.49113,0
129,-1.524224512,-0.743701691,-1.113649368,2.177095203,1.117178129,0.726470785,-1.542368166,-0.950532233,0.323908707,0.04593028,-115.1731053,40.48969368,Ruby Valley Unit No. 1,-64.32343997,,,2743.199912,0
128,-1.398797525,-0.867123617,-1.39866781,3.043990794,2.474154603,0.837580071,-1.200669798,-0.785659134,0.424091409,0.007241992,-115.2347884,40.49966091,FRANKLIN #1,-81.91346338,,,3995.7,0
94,-0.190936694,-0.296762772,-1.175057057,1.45348684,-0.001921074,0.565688783,-0.711823278,-0.857791115,-0.475899643,0.10525232,-116.2167906,40.53751687,Palisades No. 1,-30.21890889,,,2897.428707,0
108,-1.365699186,0.146387441,-1.565201904,1.793972587,1.123230979,-0.98871357,-0.966195732,-0.754745428,-1.402222313,-0.397695414,-115.7090075,40.53971518,Huntington Creek No. 1,-15.06885649,,,2209.799929,0
102,-1.311365135,-1.248627083,-0.713858631,-0.861597845,-1.411630467,0.19762622,-0.580014519,-0.528044918,-1.340371053,0.22647562,-116.0646861,40.6489943,Petan Trust F-12-19-P,-61.95955376,,,2759.963912,0